holdout,K,set_size,tuple_first5,genes_first10
0,1,74,"(569,)",PTAFR;MED8;CYB5RL;BCL2L15;LDAH;FOSL2;DYNC2LI1;MSH2;ENSG00000305620;ENSG00000228655
0,1,71,"(688,)",GPR157;EMC1;UTP11;CPT2;LAMTOR5-AS1;IKBKE-AS1;GEN1;TEX261;IL1RL1;CCNYL1
0,1,65,"(247,)",NBL1;HMGN2;TACSTD2;DYNLT5;ENSG00000302070;COX7A2L;ENSG00000307956;NIT2;DZIP1L;LMLN
0,1,62,"(377,)",S1PR1;SLAMF9;RABIF;IL24;HHAT;ENSG00000298780;ENSG00000300661;QPCT;ENSG00000289463;MARCO
0,1,60,"(629,)",PDIK1L;CDC7;PSMD4;EPRS1;PELI1;IGKV1-27;SGO2;VHL;PLXNB1;IL17RB
1,1,72,"(358,)",CPTP;UQCRHL;SELENON;PALMD;HMGCS2;H2BC18;MRPL24;PFDN2;COA6;SDC1
1,1,72,"(546,)",GPR157;SDHB;TCEA3;ELOA-AS1;ZMPSTE24-DT;TMED5;HJV;H2AC20;MPC2;SH3YL1
1,1,62,"(231,)",LINC01128;VWA1;EFHD2-AS1;ECE1-AS1;LIX1L;TTC24;FMO3;EIF2B4;ZNF638;DGUOK-AS1
1,1,61,"(587,)",PARK7;AGMAT;AKR7A3;CAMK2N1;CCDC163;APCS;FAHD2A;HGD;EHHADH;RPL9
1,1,59,"(442,)",ZMPSTE24;GPBP1L1;CTBS;RFX5;XPR1;KIF21B;CAD;STRN;POLE4;IMMT
2,1,94,"(234,)",FCN3;TMEM54;ENSG00000291138;ENSG00000232811;MAGI3;ANKRD34A;HJV;C1orf115;DNAH14;COA6
2,1,90,"(160,)",RERE-AS1;TXNDC12;BSND;NAP1L4P1;EFNA1;SLAMF9;ADAMTS4;ENSG00000293219;SYT2;LINC01736
2,1,89,"(381,)",ENSG00000287356;GPR157;CENPS;LINC02795;ENSG00000301450;ENSG00000287218;NFASC;CR2;LINC00570;PFN4
2,1,64,"(227,)",ENSG00000233030;TTC24;ARPC5;ENSG00000238201;IGKJ4;IGKJ3;IGKV2-29;FAHD2A;FASTKD1;MYO1B
2,1,61,"(2,)",CRNN;SPRR3;S100A14;PKLR;ENSG00000287338;ENSG00000299361;ARV1;FH;CYP1B1-AS1;ENSG00000289463
3,1,142,"(251,)",ENSG00000250575;SNORA73B;SPOCD1;LRRC41;CMPK1;ENSG00000235105;BSND;DDAH1;ARHGAP29;CDC14A
3,1,127,"(363,)",ENSG00000300565;ENSG00000289554;MAGI3;ENSG00000294554;RGS2;ENSG00000308739;RDH14;KHK;MSH6;DGUOK-AS1
3,1,91,"(408,)",NOC2L;AKIRIN1;CTBS;IL6R;CYB5R1;CD46;TBCE;ADAM17;ENSG00000223522;CALM2
3,1,89,"(686,)",BSDC1;AGO4;SRSF11;ZRANB2;DPYD;GNAI3;LAMTOR5;ZBTB37;PFKFB2;G0S2
3,1,77,"(217,)",MANEAL;TTC39A;HJV;ADAMTS4;MIR181A1HG;UTP25;ENAH;ENSG00000269934;MIR4432HG;SPC25
4,1,90,"(409,)",ENSG00000241860;ENSG00000292993;ATP13A2;IQCC;DLGAP3;DPH2;LINC02777;PALMD;WARS2-AS1;ENSG00000285280
4,1,76,"(544,)",ENSG00000279179;TPI1P1;GPSM2;ENSG00000290999;SLAMF9;FCRLA;PXDN;PAIP2B;IGKV1D-39;METAP1D
4,1,68,"(452,)",FAM167B;LINC02988;CYB5R1;ENSG00000260698;ENSG00000299074;CCL20;LINC00852;CCDC51;CEP15;HNRNPA3P6
4,1,67,"(749,)",SLC25A34;ENSG00000291077;FCN3;MANEAL;ENSG00000287064;PARP1;EDARADD;POMC;ENSG00000270574;RAB17
4,1,53,"(262,)",MORN1;H6PD;PLA2G2A;CD52;TAGLN2;EPHX1;CMPK2;CD8A;C2orf76;RPS15P4
5,1,145,"(749,)",TP73;ENSG00000226396;ENSG00000289554;SNIP1;PTGFR;FCER1A;ENSG00000301529;ENSG00000310285;MAP3K21;OPN3
5,1,110,"(452,)",CRYBG2;FGGY;GNG12-AS1;MTF2;GNAT2;GSTM1;ENSG00000289062;ENSG00000287839;OR6N1;DNM3
5,1,98,"(339,)",PARK7;ZSCAN20;ZNF684;KDM4A-AS1;ALG14;RNASEH1-DT;C2orf74-AS1;GORASP2;LNPK;ORC2
5,1,92,"(544,)",ENSG00000285646;ENSG00000289576;SPATA6;DOCK7;NOTCH2NLB;HORMAD1;SLAMF9;COP1-DT;PKP1;ENSG00000272750
5,1,86,"(409,)",FBXO2;EEF1A1P11;PIAS3;ENSG00000290578;C1orf226;ENSG00000302070;ENSG00000285280;PHLDA3;DTL;EPHX1
6,1,107,"(479,)",ENSG00000240731;KAZN;ENSG00000233478;SSBP3-AS1;DNAJC6;ANKRD13C;NAP1L4P1;PTGFRN;PIGR;LINC02608
6,1,107,"(43,)",SRM;ENSG00000305789;IFNLR1;COL16A1;ZSCAN20;CLSPN;ADPRS;COL8A2;KCNA2;WNT2B
6,1,88,"(276,)",VWA1;ENSG00000297367;LINC00853;FRRS1;CD58;PIGM;ENSG00000288670;ENSG00000289341;LINC03108;EIPR1
6,1,72,"(2,)",ENSG00000284735;BSND;CLCA4-AS1;ENSG00000227193;FLG;CRNN;SPRR3;ENSG00000287338;ENSG00000299361;YWHAQ
6,1,72,"(173,)",MROH7;TMEM167B-DT;ENSG00000301450;IFI16;SELL;SOWAHC;LINC01191;INHBB;XRCC5;ENSG00000289018
7,1,112,"(545,)",RPL11;ENSG00000233478;FCN3;ORC1;OVGP1;CD160;ENSG00000238279;S100A1;ATP1A2;VAMP4
7,1,86,"(3,)",MRPL37;ANGPTL3;H3-7;APH1A;CD1C;APCS;CRP;SLAMF9;FMO3;GLUL
7,1,72,"(460,)",ZSCAN20;RPL5P4;AKR1A1;MAST2;CIMAP2;ZZZ3;CCT3;OR10Z1;IL24;CHML
7,1,68,"(610,)",DDI2;TINAGL1;MROH7;CRYZ;VCAM1;CRNN;GJC2;TARBP1;ATRAID;ENSG00000309281
7,1,67,"(372,)",CPTP;EIF3I;IL12RB2;GON4L;SCCPDH;MRPL19;ENSG00000290104;SLC20A1;COBLL1;RETREG2
8,1,83,"(588,)",CASZ1;AUNIP;ADPRS;DEPDC1;WARS2;RNF115;FMO3;IGKJ4;IGKV1D-16;GCC2-AS1
8,1,71,"(178,)",MTCO3P12;ENSG00000284735;GPATCH3;VAV3-AS1;LIX1L-AS1;H3C13;NPR1;KCNN3;ENSG00000230325;ENSG00000298739
8,1,65,"(438,)",GCLM;PHGDH;RPS27P8;LINC01291;ZNF892;ENSG00000308748;CCDC141;ENSG00000301477;IL17RE;ENSG00000296625
8,1,61,"(92,)",FNDC10;DHRS3;GALE;RNF19B;ENSG00000235105;NAP1L4P1;ARHGEF2;CD5L;NCSTN;DUSP2
8,1,59,"(345,)",AKR7A3;ENSG00000305448;DENND2C;APOA2;SLC19A2;ENSG00000289191;RHOQ-AS1;IGKC;IGKV1D-39;IGKV3D-11
9,1,90,"(2,)",BSND;PTGFR;ENSG00000227193;HORMAD1;FLG;TNNT2;PM20D1-AS1;ENSG00000287338;ENSG00000299361;LINC01819
9,1,83,"(602,)",TMCO4;ARHGEF11;MRPL33;CRIM1;PRELID1P6;TEX261;DGUOK-AS1;MOB1A;TXNDC9;UGGT1
9,1,73,"(44,)",LINC02596;S100PBP;KIF2C;TM2D1;GNG12-AS1;ALG14;PHGDH;RORC;THBS3;ENSG00000309597
9,1,72,"(619,)",RSRP1;ST3GAL3;STXBP3;CD46;DUSP10;NBAS;SPAST;CLASP1;RPL12P16;CAB39
9,1,70,"(285,)",NOL9;RBP7;PINK1-AS;SELENOF;RHOC;CFAP45;FCGR2A;PPP1CB;HK2;CCDC141
10,1,283,"(444,)",ICMT;NBPF1;ZMYM6;ZMYM4;EXO5;BTF3L4;IFT25;MYSM1;ANKRD13C;RABGGTB
10,1,220,"(749,)",SRRM1;PUM1;RRAGC;RLF;ENSG00000296912;SRSF11;ZRANB2;ODF2L;CCDC18;VAV3
10,1,196,"(68,)",FAM76A;KHDRBS1;MEAF6;GADD45A;ZNF326;DIPK1A;MTF2;ATP1A1-AS1;KCNN3;PIGM
10,1,189,"(658,)",ENSG00000304862;SLC9A1;SYTL1;ZNF684;EPS15;PLPP3;TGFBR3;TRIM33;SLAMF7;LINC02803
10,1,185,"(456,)",CCNL2;PEX10;C1orf174;EXOSC10-AS1;CLCN6;HNRNPR;CTPS1;KCNA3;NBPF11;KLHL20
11,1,86,"(3,)",ENSG00000269981;SLC45A1;ENSG00000233478;ENSG00000269967;H3-7;ENSG00000290074;ENSG00000289062;CD5L;APCS;SLAMF9
11,1,79,"(390,)",LINC01134;CDC42-AS1;USP21;FCER1G;ILDR2;AKT3;CPSF3;MRPL33;ENSG00000235192;ENSG00000309937
11,1,73,"(147,)",ELOA;ZSCAN20;DYNLT4;ARNT;MSTO1;CRP;IKBKE-AS1;ENSG00000224114;ENSG00000276517;SERTAD2
11,1,71,"(11,)",VWA1;ADGRB2;ZFYVE9;CYB561D1;GSTM5;SHE;XCL1;LGR6;BTG2-DT;RAB7B
11,1,71,"(482,)",TP73;NCMAP-DT;FCN3;ENSG00000284719;ENSG00000272906;C4BPA;ENSG00000310285;EPAS1;CD8A;ENSG00000309294
12,1,120,"(694,)",FNDC10;CPLANE2;PPIE;KTI12;GCLM;PI4KB;ILF2;LY9;TADA1;GLRX2
12,1,106,"(283,)",AGMAT;RNF19B;ZMYM1;AKR1A1;RBM8A;CTSS;CRNN;TPM3;CD1A;RRP15
12,1,89,"(443,)",GMEB1;S100PBP;GPBP1L1;CMPK1;PRKAB2;KHDC4;SELL;ATP2B4;DTNB;ENSG00000233230
12,1,86,"(586,)",PADI4;MECR;RBMXL1;GBP1;GBP4;GBP5;PSMA5;H2BP1;PLEKHO1;PIP5K1A
12,1,84,"(320,)",UBIAD1;PLA2G2A;MYCL;CYB561D1;ENSG00000225871;IL6R;WDCP;C2orf42;MRPS9;CYP20A1
13,1,73,"(200,)",GPR157;PIK3CD;ENSG00000284735;DHRS3;HMGCL;FCN3;BTF3L4;AP4B1;S100A16;ENSG00000287064
13,1,67,"(5,)",CELA3B;CELA3A;DNAJC8;PLK3;SCP2;C8B;STXBP3;PKLR;ZNF670;REG1B
13,1,66,"(192,)",ENSG00000290854;RPL5P4;ENSG00000230615;STRIP1;ENSG00000290569;CRNN;SPRR3;EFNA1;RPS27P8;ACTA1
13,1,65,"(405,)",AKR7A3;PHC2;ENSG00000266993;GSTM5;CHI3L2;HORMAD1;NOS1AP;PRORSD1P;IL1R2;KLF7-IT1
13,1,63,"(351,)",WNT4;LUZP1;LDLRAP1;ZCCHC17;ZMYM4;KCNA2;CCT3;IRF6;AIDA;H2BC26
14,1,78,"(648,)",EXO5;NMNAT2;ENSG00000259865;CNRIP1;IGKJ3;SUMO1;PLXNB1;ENSG00000280003;PAQR9;CPB1
14,1,73,"(433,)",MTCO3P12;TMEM240;GNAT2;ENSG00000232450;FMO5;HDGF;ENSG00000288670;LHX4;CHI3L1;NLRP3
14,1,64,"(654,)",PGD;ENSG00000305448;LINC00853;SGIP1;GADD45A;MAB21L3;LINC02803;SYT2;ENSG00000298780;CRIPT
14,1,63,"(557,)",SSU72;WNT2B;ASH1L-AS1;ANKRD36BP2;FN1;ENSG00000286035;NPR3;FBXO38-DT;MED7;ZFP62
14,1,59,"(163,)",MTND1P23;CROCCP3;TMEM54;KDM4A;SLC6A9;STIL;OR10Z1;SPTA1;IGKV5-2;IGKV1D-8
15,1,79,"(582,)",MST1P2;ENSG00000233478;CDCA8;ENSG00000235105;MROH7;OR10Z1;ENSG00000271680;ENSG00000272054;IGKV1D-39;IGKV1D-13
15,1,69,"(479,)",MRPL20-AS1;ATAD3C;ENSG00000293791;AKR7A3;RABGAP1L;PPP1R15B;ENSG00000286360;ASTL;FAM178B;SNORC
15,1,61,"(593,)",NADK;YTHDF2;CD1D;ENSG00000309281;IGKV3-20;NDUFS1;ATG16L1;CCR4;APPL1;KALRN
15,1,61,"(407,)",SNORA73B;ENSG00000269967;MANEAL;TMEM53;ACOT11;PCSK9;ITGB3BP;ATXN7L2;TOR1AIP1;COLGALT2
15,1,60,"(555,)",ENSG00000272078;BMP8A;USP24;C1orf52;VANGL1;TXNIP;IL6R;ENSG00000231563;GALNT2;GGPS1
16,1,70,"(286,)",SRSF11;LRRC8C-DT;SETDB1;TPR;KCTD3;CNIH4;ITPKB;CEP170;B3GNT2;ST3GAL5
16,1,68,"(433,)",SPEN;MRTO4;HPCAL4;CCDC18-AS1;NOTCH2NLB;POGZ;ASH1L;ENSG00000310471;RCOR3;PPM1G
16,1,66,"(71,)",LRRC47;USP33;WDR47;TRIM33;METTL25B;YOD1;CHMP3;REV1;FIGN;WIPF1
16,1,58,"(630,)",ACAP3;TARDBP;FRRS1;IRF6;SDE2;PREPL;ENSG00000290085;INPP4A;KLHL41;ITM2C
16,1,58,"(99,)",ENSG00000269925;ADAMTSL4;HORMAD1;ENSG00000283696;SERPINC1;DHX9;IARS2;DISC1;LYST;ENSG00000299074
17,1,85,"(470,)",TMEM240;ENSG00000293187;PER3;TMEM54;ENSG00000290999;SV2A;RAB7B;ENSG00000272750;ZNF678;ENSG00000290085
17,1,79,"(3,)",MMP23B;FBXO42;ADGRB2;ENSG00000269967;ANGPTL3;IL12RB2;CRP;SLAMF9;FMO3;ENSG00000298662
17,1,71,"(311,)",CROCCP3;WNT4;FCN3;ENSG00000290041;DDAH1;NBPF15;SEMA6C;ENSG00000285280;RPS27P8;SDE2
17,1,69,"(339,)",NBPF9;ADAMTSL4;FCER1G;EIPR1;RPS12P3;DOK1;GCC2-AS1;HECW2-AS1;ZDBF2;THRB
17,1,56,"(747,)",KTI12;PRPF3;COPA;ZNF496;POMC;SNORD89;ENSG00000234389;STK39;HNRNPA3;INPP5D
18,1,150,"(607,)",EXO5;BEST4;LINC01359;SERBP1;GNG12-AS1;WNT2B;ADAMTSL4-AS2;ENSG00000270361;PIGM;CFAP126
18,1,105,"(413,)",ENSG00000240731;ENSG00000238260;ST7L;NBPF20;TMOD4;ENSG00000289062;ENSG00000298116;RPL13AP8;CD34;ENSG00000236846
18,1,77,"(641,)",C1QTNF12;ENSG00000285646;ZNF436;PLPP3;RPL7P9;RBM15-AS1;ENSG00000296642;ITGA10;HJV;KCNN3
18,1,73,"(540,)",VWA1;ACADM;RORC;CD1A;FMO3;ENSG00000213058;TATDN3;SUSD4;EDARADD;ENSG00000269973
18,1,49,"(110,)",PIK3CD-AS1;MCOLN2;SLC39A1;ENSG00000230979;IGFBP2;IMPG2;ISY1;SOD3;ADAMTS3;ENSG00000289443
19,1,98,"(126,)",PAFAH2;CIMAP2;USP24;DYNLT5;DPYD;ATP1A1-AS1;ANP32E;LYSMD1;SLC19A2;ENSG00000234132
19,1,90,"(423,)",ENSG00000285646;MECR;FOXJ3;ARHGAP29;PEX11B;TMOD4;MIR9-1HG;TIPRL;SYT2;LCLAT1
19,1,82,"(3,)",ENSG00000233478;ENSG00000269967;GLMP;SLAMF9;ENSG00000283696;FMO3;RAB7B;RNF144A;ENSG00000300661;ENSG00000230747
19,1,78,"(608,)",HSPG2;MTF1;LINC02918;SSBP3-AS1;ENSG00000290999;TTC24;SOX13;ZNF670;ENSG00000298780;APOB
19,1,74,"(142,)",FGR;LSM10;SMAP2;RAD54L;TYW3;ST6GALNAC3;ZNF644;LAX1;UTP25;CMPK2
20,1,196,"(682,)",ENSG00000241860;KLHL17;SCNN1D;ENSG00000284735;ENSG00000272078;ZBTB40;PUM1;P3H1;DMAP1;EPS15
20,1,195,"(120,)",PGD;MACF1;CTPS1;MYSM1;AK5;GTF2B;PDE4DIPP2;SLC39A1;UHMK1;GPA33
20,1,160,"(87,)",EXOSC10;LUZP1;LDLRAP1;SESN2;GNL2;PPIE;SRSF11;SSX2IP;SIKE1;LINC00623
20,1,156,"(630,)",NPHP4;RERE;ZMYM4;AGO3;PRKACB;ZNF644;BTBD8;POGZ;ASH1L;KHDC4
20,1,138,"(79,)",FAM76A;ZMYM6;CMPK1;MIER1;ZRANB2;RPL7P9;SLC35A3;AMY2B;PRPF38B;ZNF687
21,1,169,"(220,)",TNFRSF25;PLEKHG5;CNR2;IFNLR1;PDIK1L;LCK;MMACHC;PTGFR;PKN2;AMIGO1
21,1,136,"(565,)",KLHL17;STMN1;LITATS1;ST3GAL3;PTCH2;CD2;THEM4;PYHIN1;SLAMF6;SLAMF7
21,1,116,"(3,)",MMP23B;SLC2A5;FAM76A;SERBP1;CTH;LINC01781;ZNHIT6;EMBP1;H3-7;SLAMF9
21,1,113,"(238,)",EXOSC10-AS1;CROCC;IL12RB2;CELSR2;SORT1;RBM15;NBPF8;LGR6;PPP1R12B;SEPTIN7P13
21,1,102,"(216,)",WRAP73;ENSG00000287586;AKR7A3;ENSG00000284657;ENSG00000279179;BTF3L4;ENSG00000258634;ENSG00000290578;H2AC19;ENSG00000287064
22,1,58,"(41,)",SRM;KIAA2013;SPEN;IFFO2;ZSWIM5;CPT2;RGS2;ENSG00000290683;ENSG00000303319;ANKAR
22,1,58,"(34,)",DTNB;DGUOK-AS1;MRPL35;WDR75;GPR35;PDCD1;SETMAR;PRSS50;DHX30;CELSR3
22,1,57,"(474,)",MRPL20-AS1;ENSG00000297367;MPL;LINC01359;TXNIP;SLC27A3;FDPS;PM20D1;ETAA1;ENSG00000234389
22,1,55,"(83,)",CPTP;ADAMTSL4;ENSG00000242282;ZC3H8;RYBP;DGKG;ENSG00000293831;UBA6-DT;JADE1;SLC25A4
22,1,55,"(350,)",FBLIM1;ENSG00000284657;FAM167B;NPR1;VSIG8;NUAK2;ENSG00000269934;SDC1;ALMS1-IT1;EPC2
23,1,169,"(105,)",MMP23B;NCMAP-DT;GPN2;TXLNA;GNL2;MYCL;LRRC8C-DT;EEF1A1P11;SIKE1;SLC22A15
23,1,101,"(436,)",ENSG00000250575;LINC01134;ENSG00000285646;EPHB2;RPL5P4;AK4;PTGFR;CLCA4-AS1;TMEM167B-DT;RBM15-AS1
23,1,99,"(702,)",WASH7P;ENSG00000292993;MDS2;ACOT11;CACHD1;SLC16A4;ENSG00000307137;H2BC18;XCL2;LINC03108
23,1,85,"(3,)",ENSG00000238142;ENSG00000233478;ANGPTL3;SERBP1;ENSG00000287978;APCS;CRP;SLAMF9;ENSG00000289341;ENSG00000307150
23,1,78,"(534,)",ZSCAN20;EFNA3;LMNA;OR10Z1;LINC02803;LINC01353;DYRK3;LINC00467;ENSG00000269934;PRORSD1P
24,1,92,"(568,)",ENSG00000292994;ALPL;LINC02596;COL16A1;RPL5P4;CRYZ;CLCA4-AS1;ENSG00000288803;SPTA1;LINC02818
24,1,90,"(54,)",NMNAT1;PPCS;BSND;PCSK9;ANGPTL3;TMOD4;KCNN3;BGLAP;ENSG00000301529;ENSG00000293219
24,1,74,"(667,)",ECHDC2;LEPROT;USP33;UBQLN4;LINC01036;PHLDA3;BTG2;ALMS1;USP39;TMEM87B
24,1,71,"(690,)",MTATP6P1;CROCC;TRNAU1AP;TAF12;DPH2;PRDX1;CELSR2;MOV10;PIAS3;CSRP1
24,1,71,"(2,)",PTGFR;DRAM2;RAP1A;ENSG00000310005;C2CD4D-AS1;FLG;FLG2;S100A6;ENSG00000298116;DISP1
25,1,142,"(103,)",MORN1;ELOA-AS1;FCN3;SH3D21;MED8-AS1;PODN;LEPR;AK5;FNBP1L;F3
25,1,87,"(686,)",ENSG00000250575;MTCO3P12;KCNAB2;MACO1;ZNF362;SSBP3-AS1;EXTL2;ENSG00000279430;NAV1;COA6-AS1
25,1,75,"(224,)",ENSG00000293187;SFN;RPL5P4;TPI1P1;LAMTOR5-AS1;PDE4DIPP2;H2AC19;PRRC2C;MIR181A1HG;LIPT1
25,1,71,"(3,)",ZBTB48;ENSG00000233478;FAM167B;ANGPTL3;OVGP1;H3-7;APCS;SLAMF9;ENSG00000287218;FMO3
25,1,67,"(308,)",AGRN;C1orf159;GFOD3P;PARK7;RAD54L;CTH;H2BP1;PDE4DIPP6;H3C13;IQGAP3
26,1,62,"(625,)",AGRN;RERE;NSUN4;RAVER2;DCLRE1B;HIPK1;THEM5;DCAF8;LINC02803;PPP1R15B
26,1,62,"(394,)",ECE1;ZCCHC17;RPL7P9;GNAT2;LRIF1;H2AC20;SPRR3;RAB29;TLR5;FEZ2
26,1,62,"(628,)",MAST2;NBPF11;RGS1;IRF6;EPHX1;AFTPH;PRKRA;HECW2;HJURP;XPC-AS1
26,1,59,"(165,)",WASH7P;NPPA;ZBTB17;DDOST;POLR3GL;ENSG00000225871;NBPF19;FCGR2B;ATP1B1;KIF21B
26,1,59,"(743,)",SDF4;ENSG00000235105;ODF2L;LRRC8C-DT;PIP5K1A;PUM2;RBKS;PAX8;KCNH7;CNOT9
27,1,77,"(290,)",TMEM240;ENSG00000272449;ENSG00000226396;MUL1;STX12;ANGPTL3;CAPZA1;ENSG00000271680;TPO;VPS54
27,1,71,"(566,)",PINK1;CNKSR1;VCAM1;ENSG00000258634;SYT2;ENSG00000286360;IGKV3D-20;ENSG00000283994;CCL20;ENSG00000288703
27,1,65,"(576,)",TNFRSF4;ATAD3A;CTNNBIP1;PUM1;PPCS;SF3B4;TIPRL;COP1-DT;TPR;BPNT1
27,1,64,"(454,)",FGR;CZIB;MIER1;SNX27;SNRPE;TP53BP2;LINC00570;ATRAID;IL18R1;FHL2
27,1,63,"(330,)",CAMTA1;PITHD1;UBXN11;FAAH;ST6GALNAC3;SLC22A15;MINDY1;DUSP23;FCMR;SDE2
28,1,121,"(276,)",PINK1-AS;WNT4;AUNIP;GNL2;ENSG00000290578;ENSG00000291233;CKS1B;TTC24;ENSG00000269887;SLC19A2
28,1,116,"(58,)",ENSG00000287356;NPPA;FHL3;HIVEP3;KCNA2;TMOD4;HCN3;COLGALT2;EDARADD;FAM228B
28,1,108,"(67,)",SLC25A33;PITHD1;SPOCD1;CMPK1;NAP1L4P1;NBPF8;LIX1L-AS1;NTRK1;APOA2;RPS27P8
28,1,56,"(3,)",ANGPTL3;AP4B1;NBPF12;APCS;CRP;SLAMF9;ENSG00000298662;ENSG00000300661;SNORD89;ZBTB20-AS1
28,1,55,"(495,)",CPLANE2;CNKSR1;ENSG00000227193;PFN1P1;ENSG00000302070;ENSG00000270210;RMDN2;SCRN3;ENSG00000273361;STK32B
29,1,83,"(88,)",MPL;SCP2;GADD45A;H3C13;OR10Z1;ILDR2;ENSG00000271680;ENSG00000287126;ENSG00000298662;IGKV3D-20
29,1,73,"(405,)",ENSG00000289457;PKLR;FAM177B;TTC7A;ALMS1-IT1;REG1A;FIGN;MYL1;ENSG00000299450;ZNF385D
29,1,61,"(200,)",KDM1A;HENMT1;SLAMF9;DARS2;RNASEL;CFH;IPO9;IGKV1D-39;MGAT5;ENSG00000309937
29,1,56,"(525,)",GFOD3P;EFHD2;MICOS10;C2CD4D-AS1;NDUFS2;ZBTB37;PTPRC;TAF1B;PPM1G;ANTXR1
29,1,53,"(740,)",PEX14;CCDC163;EPS15;BCAS2;ANP32E;NCF2;TRMT1L;CDK18;MEMO1;IGKV3-11
30,1,77,"(208,)",ENSG00000287586;CNR2;PNRC2;RIMS3;BSND;LINC02777;GNAI3;FCGR1BP;FLG;ENSG00000238279
30,1,73,"(113,)",ERRFI1;FABP3;GLMN;CSDE1;NBPF9;THBS3;ENSG00000287218;NUAK2;TMEM63A;GCC2
30,1,62,"(547,)",ALDH4A1;WASF2;GNL2;EEIG2;KCNC4;ENSG00000289457;ACKR1;ENSG00000272750;TRIB2;DHX57
30,1,62,"(325,)",NIT1;DISC1;MTR;CYP1B1-AS1;ZC3H15;CD28;ENSG00000269982;CCR4;SLC22A14;TTC21A
30,1,61,"(184,)",TNFRSF14;ENSG00000288398;PADI2;SRSF11;ENSG00000296642;ENSA;TLR5;CCDC88A;REV1;MERTK
31,1,247,"(586,)",LZIC;CNKSR1;FAM76A;MECR;SFPQ;CYB5RL;LRRC40;USP33;TRMT13;EXTL2
31,1,196,"(382,)",DFFB;SLC45A1;ENSG00000288398;CDC42-AS1;SRSF10;S100PBP;ZMYM6;ZFP69;LINC02918;GNG12-AS1
31,1,148,"(79,)",ENSG00000269925;LINC00339;ZMYM1;AGO3;ZNF684;AHCYL1;CEPT1;HMGCS2;VAMP4;RO60
31,1,138,"(499,)",LRRC47;DRAXIN;LINC01772;ZNF436;TYW3;LRRC8C-DT;KCNA2;NBPF11;FCRL2;GPATCH2
31,1,104,"(87,)",SLC66A1;ODF2L;STRIP1;ENSG00000232450;DUSP12;TSEN15;ENSG00000308132;DISP1;LGALS8;AAK1
32,1,87,"(140,)",RNF207;CDC42-AS1;ENSG00000233478;COL16A1;LRP8;CTSK;ENSG00000287338;ENSG00000289341;ENSG00000225402;LINC01291
32,1,77,"(319,)",MMP23B;MORN1;SRRM1;PRKACB;HMGCS2;PDE4DIPP2;ZNF687;PYGO2;ENAH;TAF5L
32,1,76,"(3,)",ANGPTL3;ELAPOR1;SLAMF9;SLAMF7;FMO3;NRIR;ENSG00000298780;ENSG00000300661;MAP4K3;IGKV3D-11
32,1,59,"(351,)",LINC01786;ENSG00000279179;SSBP3;SSBP3-AS1;C8B;LBR;EDARADD;OTOF;ENSG00000276517;PPM1B
32,1,58,"(516,)",TNFRSF4;ENSG00000288803;TSPAN2;DUSP23;LINC02818;ZNF124;PPM1G;PEX13;LGALSL;R3HDM1
33,1,79,"(476,)",NOC2L;DYNLT4;ITGB3BP;JAK1;ENSG00000287064;ENSG00000298116;ENSG00000302070;ENSG00000299361;PRKD3;MSH6
33,1,68,"(436,)",ENSG00000290385;SYF2;NRDC;SV2A;DISC1;CHRM3-AS2;ZBTB18;TTC7A;STK17B;WDR6
33,1,66,"(721,)",PRDM2;MARCKSL1;HECTD3;RNF11;NOL10;FOXN2;SANBR;ALMS1-IT1;TSGA10;RPS15P4
33,1,65,"(2,)",LRRC8D;BCAR3;S100A16;ENSG00000270361;ZNF281;LGALS8;CEP170;TBC1D8;SDR42E1P5;FIGN
33,1,64,"(375,)",MTATP6P1;ENSG00000284719;CKS1B;PIGC;TPR;CYB5R1;DISP1;LBH;IGKV1D-39;IMP4
34,1,84,"(375,)",ENSG00000250575;ENSG00000238260;KLHL21;ENSG00000293791;IQCC;FAM167B;EFCAB7;ADORA3;FMO3;RGS16
34,1,63,"(166,)",MTCO2P12;THEM5;C1orf35;ENSG00000300661;CCDC121;MAP4K3-DT;EPCAM;CD28;PECR;PTMA
34,1,48,"(742,)",NCMAP-DT;MMACHC;FCRL3;NPL;CD55;NCL;UBE2F;HEG1;ENSG00000303946;BRD8
34,1,46,"(77,)",CDC42-AS1;FNBP1L;ATXN7L2;MLLT11;DCTN1;MRPS9;ARL5A;ALS2;RPL15;KPNA4
34,1,43,"(83,)",DYNLT5;ENSG00000308734;CNOT11;ZBTB47;FAM131A;NPM1;ENSG00000310496;LRP11;POP7;NFE4
35,1,154,"(464,)",ENSG00000269925;ENSG00000285646;WNT4;RIMS3;BEST4;OMA1;ENSG00000301529;MGST3;LINC02608;DNAH14
35,1,125,"(316,)",VWA1;ENSG00000292993;CLCA4-AS1;RBM15-AS1;ST7L;VANGL1;SRGAP2C;SRGAP2;ENSG00000287126;ALMS1-IT1
35,1,79,"(627,)",SSU72;CENPS;ENSG00000238142;TRNP1;TMEM35B;MANEAL;GNAT2;OLFML3;RPS27P8;ENSG00000296134
35,1,74,"(184,)",ENSG00000291077;ZSCAN20;MYCL;PARS2;PTGFRN;SCCPDH;PKDCC;PDCD1;ZKSCAN7;FOXP1-DT
35,1,64,"(406,)",LINC01134;SGIP1;ENSG00000289062;ENSG00000238279;GGPS1;FTOP1;KRCC1;SCN9A;UBE2E3;LMOD3
36,1,67,"(709,)",TMEM54;ZNF684;KTI12;ENSG00000284738;ENSG00000285280;CFH;AFTPH-DT;IGKJ5;ENSG00000279166;CHROMR
36,1,66,"(362,)",ENSG00000290854;TMCO4;SNHG3;IQCC;EFCAB7;ZNF326;NRAS;LY9;TMCC2;FH
36,1,63,"(650,)",TNFRSF8;TRIT1;DNAJC6;PTGFR;LAMTOR5-AS1;BCAS2;ENSG00000270210;TMEM185B;SH3BP5-AS1;AMT
36,1,63,"(590,)",CNKSR1;GSTM1;FCER1A;ENSG00000287315;TP53I3;FTOP1;ZFP36L2;KLF7;ENSG00000289504;CAP1P1
36,1,59,"(727,)",FBXO44;IFFO2;HP1BP3;CYB561D1;NBPF26;EFNA4;ARHGEF11;NUF2;DARS2;UBE2T
37,1,138,"(68,)",AGTRAP;ZBTB40;CMPK1;ZYG11B;LRP8;USP1;LY9;SUCO;AIDA;FBXO28
37,1,122,"(264,)",IFNLR1;ENSG00000285728;LINC02795;NDUFS2;COLGALT2;ENSG00000299074;LBH;PPP3R1;IGKC;TLK1
37,1,117,"(30,)",INPP5B;SCP2;TYW3;GDAP2;NBPF15;MTMR11;ADAMTSL4;TSEN15;BIRC6;SRSF7
37,1,108,"(749,)",PTP4A2;ZMYM4;CDC20;MKNK1;ZZZ3;HS2ST1;LRRC8B;SLC16A1;S100A11;TSTD1
37,1,100,"(606,)",WRAP73;SDC3;ZRANB2;MTF2;LINC01160;SLAMF7;SELP;ANGEL2;MRPL55;CMPK2
38,1,81,"(15,)",VWA1;ENSG00000287586;FBLIM1;TMEM54;NBPF20;RGS18;PM20D1-AS1;H3-3A-DT;OR2B11;PFN4
38,1,81,"(607,)",TMEM240;MAP7D1;ENSG00000309388;BTF3L4;BCAR3;ENSG00000232811;OLFML3;TRIM33;ENSG00000287064;ENSG00000306750
38,1,80,"(54,)",VPS13D;DRAM2;DENND2C;MSTO1;LINC02803;LINC02818;PKP1;IL10;ENSG00000305204;ENSG00000288999
38,1,60,"(159,)",ENSG00000240731;TNFRSF14-AS1;TMEM59;GBP4;STXBP3;PSMD4;S100A10;TAF5L;SLC35F5;GCA
38,1,58,"(2,)",PTGFR;ENSG00000227193;FLG;FLG2;CRNN;SPRR3;TNNT2;ENSG00000299361;ENSG00000289156;ENSG00000289463
39,1,129,"(418,)",RERE;ENSG00000310107;HPCAL4;H2BP1;ENSG00000307137;PAQR6;NTRK1;LHX4;ENSG00000299361;ENSG00000260698
39,1,97,"(161,)",MST1P2;AZIN2;MANEAL;KTI12;ATG4C;CLCA4-AS1;GNAT2;IQGAP3;TNNT2;OPN3
39,1,82,"(335,)",ENSG00000272449;TP73;PER3;RRAGC;FNBP1L;CRNN;HCN3;NEK7;CDK18;BATF3
39,1,77,"(677,)",WASH7P;ENSG00000269967;ENSG00000260920;FGGY;CACHD1;B3GALNT2;GREM2;SDC1;TTC7A;IGKV1-16
39,1,70,"(439,)",ENSG00000287586;KCNAB2;TMEM54;PSMB2;PODN;ECM1;ENSG00000287338;ENSG00000302155;ENSG00000303165;ENSG00000299074
40,1,143,"(401,)",ENSG00000291077;SFN;PIK3R3;EEF1A1P11;ENSG00000289062;ILF2;ADAMTS4;PM20D1;FCMR;ENSG00000293430
40,1,119,"(9,)",MTCO3P12;PLEKHG5;CAMK2N1;ENSG00000279179;RPL5P4;PALMD;SLC16A4;ENSG00000288803;NES;ILDR2
40,1,100,"(3,)",MMP23B;PNRC2;FOXJ3;ANGPTL3;LINC01781;SLAMF9;FMO3;RAB7B;ERO1B;EDARADD
40,1,77,"(275,)",ENSG00000269925;TRNP1;KDM4A-AS1;GBP6;DCST2;ENSG00000303159;CSRP1-AS1;ENSG00000231563;ZNF670;RNASEH1-DT
40,1,76,"(736,)",CROCC;AGO3;H3-7;GBA1;OR10Z1;ENSG00000298116;ENSG00000234132;OST4;PAIP2B;DGUOK-AS1
41,1,122,"(527,)",ENSG00000285646;COA7;PCSK9;LINC02795;GBP2;ENSG00000232450;ENSG00000289062;ENSG00000287064;ENSG00000302966;SLAMF8
41,1,91,"(461,)",SLC45A1;CLCA4-AS1;LRRC8C-DT;SARS1;MAB21L3;ENSG00000299361;TP53BP2;ENSG00000289341;TRAPPC12;IFT172
41,1,88,"(187,)",ZNF436;MED8-AS1;ENSG00000272491;IL12RB2;ELAPOR1;ADORA3;NOTCH2NLB;ENSG00000291233;H2BC18;MNDA
41,1,79,"(2,)",ENSG00000250575;VWA1;CASP9;PAQR7;BSND;PTGFR;ENSG00000307137;ENSG00000310005;FLG;CRNN
41,1,74,"(572,)",ENSG00000287356;ENSG00000284735;MRTO4;MOB3C;LINC02777;HJV;ARHGAP30;ATF6;KIF14;ELF3-AS1
42,1,66,"(70,)",TIE1;ENSG00000270361;ENSG00000272668;ENSG00000305204;ENSG00000269934;MEIS1;REG1B;PAX8;NIFK-AS1;ENSG00000226266
42,1,63,"(639,)",ENSG00000287356;ENSG00000305448;BEST4;LINC01118;AFTPH-DT;OSBPL6;COPB2-DT;ENSG00000272927;CYTL1;WDFY3-AS2
42,1,58,"(393,)",NOC2L;C1orf159;UBR4;CDC42SE1;RAB13;OR10Z1;LOXL3;RANBP2;ENSG00000289296;CARF
42,1,54,"(352,)",MTHFR;EIF3I;CDC7;ODR4;TRAPPC12;LDAH;SNX17;SLC30A6;STARD7-AS1;CHST10
42,1,52,"(645,)",MMP23B;ADPRS;ENSG00000303159;KIAA1614;RGPD8;MRPL44;PPP2R5CP;ALCAM;RAPGEF2;SETD9
43,1,110,"(160,)",LINC01134;ELOA-AS1;CPT2;ATG4C;LINC01160;PDE4DIPP6;S100A1;OR10Z1;ENSG00000288670;ENSG00000298116
43,1,104,"(2,)",ECE1-AS1;BSND;PTGFR;ENSG00000227193;ENSG00000310005;HORMAD1;KIAA0040;MR1;PTPRC;RPL13AP8
43,1,101,"(381,)",TMEM51;ENSG00000304862;SSBP3-AS1;PIGK;SPATA1;NOTCH2;NOTCH2NLB;COP1-DT;CNIH4;PFN4
43,1,94,"(222,)",LINC00339;ZFP69B;GBP6;NBPF26;TMOD4;LMNA;FCGR3A;NUF2;ENSG00000296134;C2orf81
43,1,68,"(326,)",ENSG00000292993;LINC01359;ENSG00000290074;ENSG00000287064;THBS3-AS1;TPO;INHBB;LINC03124;NEMP2;ENSG00000223374
44,1,97,"(145,)",RCC2;UBR4;NOTCH2NLB;RPRD2;POGK;LINC00862;ITPKB;TTC13;LINC00954;FOSL2
44,1,75,"(185,)",SDF4;PIK3CD;RUNX3;PUM1;PPIEL;CPT2;SLC30A7;ELAPOR1;H3C13;NHLH1
44,1,75,"(347,)",RNF207;ARHGEF10L;MEF2D;ISG20L2;ZNF496;RDH14;SEMA4F;ANKRD36C;ANKAR;SCN5A
44,1,67,"(375,)",ENSG00000310190;ZBTB40;CC2D1B;USP24;OR10Z1;ANAPC1P4;FAHD2B;ZNF142;MFN1;ENSG00000287382
44,1,66,"(710,)",ENSG00000305448;ADGRB2;PPCS;DEPDC1;MAB21L3;SHE;TNNI1;TAF1A;DNAH14;ENSG00000289341
45,1,85,"(412,)",TMEM54;TMEM59;TTC22;PCSK9;CD1A;ILDR2;PKP1;H3-3A-DT;TNNC1;ITIH1
45,1,71,"(645,)",ATAD3A;ENSG00000293791;HDAC1;PAQR6;ATAD2B;EHD3;SPTBN1;CCDC115;ILKAP;NUP210
45,1,70,"(675,)",TAS1R3;ENSG00000286989;ACADM;ENSG00000290578;ADAMTSL4-AS2;GPA33;C4BPA;ENSG00000233461;ZNF512;QPCT
45,1,70,"(136,)",PADI4;GSTM3;RHOC;FLG;AFTPH;GORASP2;DNAJC19P5;ENSG00000243273;MBNL1-AS1;TAPT1-AS1
45,1,66,"(113,)",ENSG00000266993;TTC4;ENSG00000296642;PDE4DIPP2;NOTCH2NLC;TADA1;RC3H1;IARS2;SLC4A5;FAHD2B
46,1,66,"(726,)",RCC2;MYCBP;DPH2;MAN1A2;SLAMF8;FCMR;CCT4;C2orf81;TSN;R3HDM1
46,1,63,"(354,)",LINC01128;LYSMD1;NDUFS2;HHAT;TOGARAM2;SPR;MGAT4A;TMEM182;BCL2L11;STK16
46,1,62,"(412,)",VAMP3;USP24;SRSF11;POMC;MYOSLID;PECR;PDCD1;SRGAP3;BRK1;MBNL1
46,1,61,"(96,)",CNKSR1;SNHG12;S100A12;NEK7;SMYD2;EGLN1;ADCY3;SLC5A6;ENSG00000293670;FAM168B
46,1,60,"(375,)",ISG15;RCAN3;NCDN;SCP2;METTL25B;CCDC121;GCFC2;LY75;GPD1L;TRAK1
47,1,92,"(513,)",MMP23B;FCN3;ENSG00000279179;GJA4;OTUD7B;ENSG00000285280;ARL8A;PPP1R15B;CDK18;CD34
47,1,74,"(570,)",E2F2;ANGPTL3;OLFML2B;INAVA;LGR6;TRAF3IP3;TPO;IDH1;CROCC2;ENSG00000281100
47,1,61,"(134,)",PLEKHN1;ENSG00000288398;MRPL37;SSBP3;CELF3;SNAPIN;CENPL;IL18RAP;CASP10;CRBN
47,1,60,"(730,)",ERRFI1;TMEM69;CELSR2;KHDC4;TADA1;SPRTN;ANKRD36C;AGPS;SPAG16;ENSG00000225963
47,1,58,"(5,)",CELA3B;CELA3A;CDC42-AS1;C8B;RPS27;ACYP2;SEMA4F;REG1B;REG1A;FABP1
48,1,62,"(507,)",C1orf174;SLC45A1;LINC02918;S1PR1;VANGL1;ENSG00000310005;ENSG00000291233;NES;ATP1A4;PRRC2C
48,1,60,"(410,)",ENSG00000292993;TRNP1;ATXN7L2;NFASC;RASGRP3;CDC42EP3-AS1;ENSG00000288886;IGKV3D-11;RN7SL172P;HLTF
48,1,57,"(670,)",SLC25A33;ENSG00000291138;LINC00869;SLAMF9;ENSG00000213062;GPR25;LPGAT1;ENSG00000298780;OTOF;EIF2AK3
48,1,55,"(750,)",SKI;SMPDL3B;INPP5B;CTTNBP2NL;GBA1;TMEM183A;ENSG00000230325;MAT2A;ZC3H8;SNX4
48,1,52,"(241,)",CICP27;ENSG00000310523;BAZ2B-AS1;SCN3A;SCN9A;IL5RA;GPR15;GTF2E1;CPB1;MAP3K13
49,1,69,"(374,)",ENSG00000260920;PODN;GBA1LP;FCER1A;SMG7;RAB7B;SLC30A6;RHOQ-AS1;FOXN2;TIA1
49,1,68,"(174,)",MTCO1P12;ENSG00000296888;C1orf122;CD53;CAPZA1;TAF1B;LINC01126;LOXL3;PTCD3;NUP35
49,1,67,"(349,)",C1orf174;LINC00339;RAD54L;MKNK1;KCNA3;ENSG00000307137;CRTC2;TADA1;LINC00467;MTARC1
49,1,61,"(5,)",MTHFR;CELA3A;ENSG00000269967;SIKE1;PKLR;IQGAP3;LAMC1;WDR26;CLEC4F;REG1B
49,1,58,"(244,)",ENSG00000271806;ENSG00000297367;FCGR3B;OLFML2B;SH2D1B;ZNF281;PPFIA4;ANGEL2;GCSAML;TTC7A
0,2,8,"(3, 5)",FMO3;HUS1B;ENSG00000234426;MAT1A;SAA4;TTR;ENSG00000269480;HAO1
0,2,6,"(247, 569)",MED8;BCL2L15;DZIP1L;PIWIL4;DUT;SNRPD1
0,2,6,"(121, 247)",NIT2;C4orf46;NEIL3;TM7SF3;MSRB3;ATP8B4
0,2,5,"(1, 3)",EFHD2;ADH4;ADH6;CYP2C9;CTXN2-AS1
0,2,5,"(3, 9)",ANGPTL3;ADH1A;ENSG00000284858;CPB2;LINC00469
1,2,11,"(331, 353)",ECHDC2;FABP1;NIT2;BDH1;ALDOB;MGMT;FUOM;NUDT8;APOC3;ZNF575
1,2,10,"(2, 4)",ENSG00000299361;NMRAL2P;ENSG00000293809;ENSG00000307670;ENSG00000289274;TAS2R40;ENSG00000287713;CLEC6A;TBC1D3D;TGFB1
1,2,9,"(353, 587)",AKR7A3;ADI1;HGD;BPHL;ECHS1;MMAB;HPD;CRYL1;SHF
1,2,9,"(0, 2)",MINDY4B;ENSG00000301400;POM121L14P;ENSG00000226816;CYP19A1;ABCC11;ENSG00000267780;RLN3;UMODL1-AS1
1,2,7,"(546, 587)",AGMAT;CAMK2N1;TCEA3;DNPH1;GLYATL1;PEBP1;ATP5PD
2,2,6,"(3, 5)",APCS;CRP;PGC;A1CF;LIPF;SAA4
2,2,6,"(2, 4)",ENSG00000299361;NMRAL2P;ENSG00000251584;ENSG00000287713;TBC1D3D;XKR3
2,2,5,"(227, 234)",MAGI3;ENSG00000280173;RENO1;ZNF382;ENSG00000269564
2,2,5,"(160, 326)",ENSG00000289456;LAMC3;ENSG00000293817;ZC3H12C;CICP25
2,2,4,"(160, 381)",ENSG00000293219;LINC01736;B3GALT9;NAA20
3,2,12,"(408, 686)",CTBS;LBR;RBMS1;SLMAP;CHMP2B;ATP11B;LMNB1;TMEM71;ZNF33A;RTF1
3,2,12,"(22, 634)",RFTN2;HSP90AB1;HSPB1;STIP1;FBXL14;FKBP4;AHSA1;LRRC57;KCTD11;ENGASE
3,2,8,"(339, 408)",ADAM17;PIK3CA;TMEM128;DCP2;ZNF138;ERLIN2;PDE3B;RPS6KA3
3,2,8,"(383, 658)",MARCHF6;RASA1;ST8SIA4;TCP11L2;SPATA13;ATG2B;MTMR4;MED14
3,2,7,"(328, 686)",ZRANB2;ZBTB37;CMTM6;PLAGL1;TMEM65;DENND5A;SLC16A6
4,2,4,"(269, 428)",LINC01359;CUL9;ZNF467;PRADX
4,2,3,"(77, 110)",ENSG00000284735;MIOS;TRDC
4,2,3,"(415, 519)",FBLIM1;KATNAL1;AP1M2
4,2,3,"(176, 671)",MTF2;AP4E1;NFAT5
4,2,3,"(135, 666)",CCDC18-AS1;SH2D2A;ENSG00000269463
5,2,14,"(5, 11)",CELA3B;CELA3A;C8B;REG1A;FABP1;CXCL9;FGG;CLPS;CPA1;PNLIP
5,2,13,"(3, 5)",APCS;CRP;FMO3;HRG;PGC;FGL1;ENSG00000261026;A1CF;MAT1A;LIPF
5,2,8,"(1, 3)",HMGCS2;KNG1;GC;ADH4;BHMT;CYP2C9;GLYAT;CTXN2-AS1
5,2,7,"(544, 749)",ENSG00000301742;IGHV2-70D;TTC23;ENSG00000267506;ENSG00000308413;ZNF772;PRR34
5,2,6,"(2, 9)",ZNG1B;ENSG00000289382;CELF1;ENSG00000261136;ENSG00000267731;ENSG00000280091
6,2,9,"(2, 4)",ENSG00000227193;ENSG00000299361;NMRAL2P;ENSG00000293809;ENSG00000251584;ENSG00000307670;ENSG00000289274;ENSG00000283384;TBC1D3D
6,2,8,"(0, 2)",MINDY4B;ENSG00000285888;POM121L14P;NR2E1;ENSG00000226816;ENSG00000302909;ENSG00000267780;UMODL1-AS1
6,2,7,"(43, 512)",NHLH1;ENSG00000296430;LRRN3;ENSG00000259326;ENSG00000286872;LINC01727;TBC1D8B
6,2,6,"(173, 210)",TMEM167B-DT;INHBB;OTULIN-DT;ENSG00000309059;ZNF232-AS1;GK4P
6,2,6,"(173, 276)",ENSG00000301450;ENSG00000300695;ENSG00000285618;MIR3142HG;LINC00222;SPTLC2
7,2,24,"(3, 5)",APCS;CRP;SLAMF9;FMO3;ENSG00000298780;AHSG;HRG;FGB;FGA;HUS1B
7,2,16,"(5, 11)",CELA3A;REG1A;FABP1;CXCL9;FGG;ENSG00000300652;CLPS;SFTPA2;PNLIP;PLA2G1B
7,2,8,"(1, 3)",HMGCS2;KNG1;GC;ADH6;BHMT;CYP2C9;GLYAT;CLEC4C
7,2,7,"(3, 11)",ENSG00000285639;ENSG00000261655;LINGO2;KRT81;SDS;SULT2A1;ENSG00000297167
7,2,7,"(156, 610)",SUMO4;TRBV15;ENSG00000287277;ENSG00000309149;SOAT2;TRAV24;MAMLD1
8,2,6,"(3, 5)",APCS;ENSG00000298780;HRG;H2BC14;ENSG00000234426;HAO1
8,2,6,"(345, 588)",ALDH1L1;FAM201A;C8G;BRMS1L;ENSG00000300655;LINC00630
8,2,6,"(438, 522)",CXCL10;ENSG00000294584;TRDN;ENSG00000307669;ENSG00000289521;ENSG00000289955
8,2,5,"(9, 11)",IGKV6D-21;HSPA4L;POSTN;CCL18;LINC02086
8,2,5,"(178, 409)",GPAT2;ACTRT3;IL6;RCCD1-AS1;ENSG00000286000
9,2,12,"(2, 9)",ENSG00000289463;TRDN;ENSG00000305497;ENSG00000289382;ENSG00000287935;DNAI7;MYBPC1;ENSG00000294759;ENSG00000257275;GLDN
9,2,11,"(0, 2)",ENSG00000236846;MINDY4B;ENSG00000301400;ENSG00000285888;POM121L14P;NR2E1;ENSG00000226816;ENSG00000302909;HRK;ABCC11
9,2,10,"(2, 4)",ENSG00000227193;ENSG00000299361;ENSG00000293809;ENSG00000306991;TAS2R40;ENSG00000283384;ENSG00000285667;FAM169BP;SPATA41;XKR3
9,2,7,"(2, 14)",ENSG00000289156;KCNH7;SPINK8;ENSG00000297825;ENSG00000301756;ENSG00000235081;ENSG00000289564
9,2,6,"(2, 3)",KLHL41;MYL1;LCN8;ANKRD1;MYH1;MYH2
10,2,61,"(383, 749)",RLF;USP33;MFSD14A;PRPF38B;PUM2;SESTD1;SF3B1;PIKFYVE;WDFY1;SETD5
10,2,44,"(444, 749)",PUM1;ZMYM6;ZMYM4;ANKRD13C;ASH1L;GMCL1;PMS1;UBP1;WDR48;CCDC14
10,2,40,"(658, 749)",LYST;ENSG00000259865;PELI1;KDM3A;MARCHF7;SP3;NKTR;SLC25A36;SLC30A5;ZFYVE16
10,2,36,"(383, 658)",CDC14A;ARID4B;CEP170;GLS;CLK1;EAF1;NFKBIZ;DLG1;USP53;FBXW7
10,2,34,"(444, 644)",TRIT1;CLIP4;ZNF621;BRIX1;UTP15;TCERG1;RIOK1;IBTK;PAXIP1-AS2;IARS1
11,2,19,"(3, 5)",APCS;SLAMF9;FMO3;ENSG00000298780;AHSG;HRG;FGB;FGA;H2BC14;ENSG00000261026
11,2,18,"(5, 11)",UTS2;CELA3B;CELA3A;REG1A;FABP1;CPB1;FGG;CLPS;CPA1;PNLIP
11,2,6,"(3, 12)",ENSG00000269967;ENSG00000282917;H2BC17;TRGV9;THBS1-IT1;ENSG00000279570
11,2,6,"(137, 390)",ENSG00000295530;TRBV23-1;ENSG00000261655;EGR2;ENSG00000259118;ENSG00000289340
11,2,5,"(3, 9)",ENSG00000230747;ADH1A;PPP1R9A;ENSG00000284858;SERPIND1
12,2,20,"(3, 5)",APCS;CRP;ENSG00000298780;AHSG;HRG;FGB;FGA;HUS1B;ENSG00000304009;H2BC14
12,2,11,"(382, 586)",ENSG00000287839;BPNT1;TRMT10C;RABL3;ZCCHC4;FAM135A;ASF1A;GGH;RLIG1;ERCC4
12,2,6,"(283, 586)",PIP5K1A;PTCD2;CHMP7;UQCC4;ZNF30;ZNF132
12,2,6,"(129, 272)",PRELP;STON1;SCX;THBS1-IT1;ENSG00000279415;NETO1
12,2,6,"(283, 307)",UTP25;DDX18;HMGN4;GPALPP1;C19orf12;ZNF583
13,2,22,"(3, 5)",APCS;CRP;SLAMF9;FMO3;AHSG;FGB;FGA;HUS1B;ENSG00000304009;H2BC14
13,2,17,"(5, 11)",CELA3B;CELA3A;C8B;PKLR;REG1A;FABP1;CPB1;FGG;CLPS;CPA1
13,2,8,"(1, 3)",HMGCS2;KNG1;GC;ADH4;ADH6;BHMT;CYP2C9;GLYAT
13,2,5,"(200, 405)",FCN3;ENSG00000309937;ENSG00000299400;KRTAP5-1;MDM1
13,2,4,"(405, 417)",IGKV3D-15;ATP2C2-AS1;TBC1D3D;ENSG00000294365
14,2,12,"(5, 11)",CELA3B;CELA3A;C8B;REG1A;CLPS;CPA1;PNLIP;IGHV7-4-1;GP2;MT1H
14,2,6,"(3, 5)",APCS;CRP;A1CF;LIPF;SAA4;TAT
14,2,4,"(77, 251)",LINC02610;PDCD6IP-DT;CPA2;ENSG00000302909
14,2,3,"(70, 745)",LINC01134;CICP25;ENSG00000289548
14,2,3,"(333, 413)",GPR157;UTP3;IGLJ3
15,2,21,"(3, 5)",APCS;CRP;FMO3;ENSG00000298780;AHSG;HRG;FGB;FGA;HUS1B;ENSG00000304009
15,2,18,"(5, 11)",CELA3B;CELA3A;C8B;REG1A;FABP1;CPB1;FGG;CLPS;CPA1;SFTPA2
15,2,7,"(1, 3)",KNG1;GC;ADH4;ADH6;BHMT;CYP2C9;GLYAT
15,2,5,"(1, 5)",FCN3;GSTA2;GSTA1;GLYATL1;ENSG00000276980
15,2,5,"(3, 6)",LINC00278;UTY;TTTY14;BCORP1;ENSG00000260197
16,2,13,"(5, 11)",CELA3B;CELA3A;REG1A;FABP1;CPB1;CLPS;CPA1;SFTPA2;PNLIP;PLA2G1B
16,2,13,"(3, 5)",APCS;CRP;HRG;FGA;FGL1;AMBP;A1CF;MAT1A;LIPF;APOC3
16,2,8,"(286, 433)",POGZ;CEP170;ENSG00000272402;ENSG00000294584;ENSG00000279500;CPB2-AS1;ADNP-AS1;UFD1
16,2,8,"(433, 630)",RBM5;EOGT-DT;TAGAP-AS1;ENSG00000272072;TP53INP1;ADPGK;ENSG00000276523;UTY
16,2,5,"(99, 286)",IARS2;SF3B1;VPS13B;PAN3;ENSG00000279133
17,2,17,"(3, 5)",MMP23B;CRP;SLAMF9;FMO3;ENSG00000298780;ENSG00000279862;HRG;HUS1B;ENSG00000304009;ENSG00000234426
17,2,7,"(3, 9)",ANGPTL3;ENSG00000235151;ADH1A;ADH1C;BAAT;CPB2;SERPIND1
17,2,5,"(470, 619)",ZNF678;KNG1;ATP13A4;GSTA1;LINC01993
17,2,4,"(11, 12)",CD5L;ENSG00000287535;COL13A1;IFNG
17,2,4,"(112, 155)",TOR1AIP2;LDLRAD3;FAM117A;BABAM1
18,2,15,"(3, 5)",APCS;CRP;AHSG;HRG;FGB;FGA;PGC;FGL1;LINC01300;AMBP
18,2,13,"(5, 11)",CELA3B;CELA3A;C8B;REG1A;FABP1;FGG;CLPS;PNLIP;PLA2G1B;GP2
18,2,6,"(0, 2)",MINDY4B;ENSG00000301400;ENSG00000249261;POM121L14P;CYP19A1;ENSG00000267780
18,2,5,"(540, 641)",CD1A;EML6;ENSG00000274256;MSLN;TEAD2
18,2,5,"(2, 4)",NMRAL2P;ENSG00000306991;TAS2R40;ENSG00000287713;TBC1D3D
19,2,10,"(3, 11)",ENSG00000285639;TRBV10-2;ENSG00000261655;LINGO2;KRTAP5-1;TRAV24;RAMP2;ENSG00000305678;SULT2A1;ENSG00000297167
19,2,8,"(3, 5)",SLAMF9;FMO3;HUS1B;ENSG00000304009;H2BC14;A1CF;ENSG00000269480;HAO1
19,2,7,"(5, 11)",C8B;PKLR;ENSG00000305207;MT1H;ENSG00000267506;LIM2;LBP
19,2,6,"(3, 9)",ENSG00000230747;ENSG00000235151;ADH1A;ENSG00000307919;BAAT;LINC00469
19,2,5,"(608, 640)",ENSG00000240731;PTGFR;ENSG00000287201;ENSG00000290537;ENSG00000267731
20,2,26,"(120, 682)",PM20D1;CLIP4;ANKRD36B;CAPN7;NKTR;TBC1D19;SLC9B2;MAN2A1;KIF3A;BTN3A1
20,2,22,"(87, 682)",ZBTB40;SRSF11;LINC00869;IFT172;CHROMR;ITGAV;GPX1;RASSF1-AS1;SLC4A4;NR3C2
20,2,21,"(120, 307)",RFX5;KLHL20;CSRP1-AS1;IPO9;WDPCP;DIS3L2;NUP54;CYP4V2;BCLAF1;SUMF2
20,2,21,"(120, 162)",ITGA4;DLG1;RUFY3;ZNRF2;CCM2;PSIP1;EBLN3P;STX17;TIMM23B;NUP160
20,2,20,"(307, 682)",CCNL2;SLC35D1;RASSF5;GCFC2;MGAT4A;SUCLG2;NUP155;VPS52;ABCC10;ADAT2
21,2,45,"(220, 565)",KLHL17;TNFRSF25;LCK;MMACHC;CD2;SLAMF6;FCMR;CD8A;ENSG00000290104;SATB1-AS1
21,2,25,"(220, 272)",CHRM3-AS2;PASK;SIDT1;CAMK4;USP45;PVRIG;TRBV5-1;TRBV9;TRBC2;EEIG1
21,2,17,"(238, 565)",IL12RB2;HLA-H;RRS1;DDX31;DPH7;SNHG1;SLC29A2;TOP6BL;ITFG2-AS1;RHNO1
21,2,16,"(272, 565)",THEM4;ATP8B2;CD8B;IL7R;CARD11;TTC16;CD6;TRAC;TMIGD2;PBX4
21,2,15,"(99, 565)",CTDSPL;CCNA2;CENPH;PTK7;SRF;SH3BGRL2;GNG11;GIMAP7;TMEM106C;TIMM9
22,2,18,"(3, 5)",APCS;FMO3;AHSG;HRG;FGB;FGA;HUS1B;ENSG00000304009;AMBP;A1CF
22,2,15,"(5, 11)",CELA3B;CELA3A;C8B;REG1A;FABP1;FGG;CLPS;CPA1;SFTPA2;PNLIP
22,2,8,"(1, 3)",HMGCS2;KNG1;GC;ADH4;ADH6;CYP2C9;GLYAT;CTXN2-AS1
22,2,4,"(25, 738)",ENSG00000233478;ENSG00000298780;POM121L14P;ENSG00000275993
22,2,4,"(238, 279)",ENSG00000283849;CCL24;CCL18;SREBF2-AS1
23,2,18,"(3, 5)",APCS;CRP;SLAMF9;AHSG;HRG;FGB;FGA;HUS1B;ENSG00000304009;H2BC14
23,2,6,"(3, 9)",ANGPTL3;ENSG00000235151;ADH1A;BAAT;ENSG00000287277;SERPIND1
23,2,6,"(2, 4)",ENSG00000298116;ENSG00000293809;ENSG00000251584;ENSG00000287713;CLEC6A;TBC1D3D
23,2,6,"(3, 11)",TRBV10-2;ENSG00000261655;LINGO2;KRT81;TRAV24;ENSG00000297167
23,2,5,"(105, 702)",GNL2;MYCL;NCBP2AS2;ENSG00000300010;ADAMTS7P1
24,2,9,"(0, 2)",ENSG00000236846;MINDY4B;ENSG00000301400;POM121L14P;NR2E1;ENSG00000226816;CYP19A1;ENSG00000267780;RLN3
24,2,7,"(2, 4)",ENSG00000298116;ENSG00000251584;LINC02217;ENSG00000306991;TAS2R40;TBC1D3D;XKR3
24,2,6,"(2, 3)",ENSG00000310005;MYL1;HLA-V;ANKRD1;MYH1;MYH2
24,2,4,"(185, 347)",PABPC4;GTF3C1;METTL16;RRP1B
24,2,4,"(3, 5)",CRP;ENSG00000234426;FGL1;LIPF
25,2,13,"(3, 5)",APCS;SLAMF9;FMO3;HRG;ENSG00000304009;H2BC14;ENSG00000234426;FGL1;ENSG00000261026;A1CF
25,2,8,"(5, 11)",CELA3B;CXCL9;ENSG00000305207;PLA2G1B;MT1H;CTRB2;LIM2;LBP
25,2,7,"(2, 3)",MYL1;NEU4;HLA-V;ANKRD1;MYH1;MYH2;ENSG00000289404
25,2,6,"(3, 9)",ANGPTL3;ADH1A;ENSG00000284858;BAAT;CPB2;SERPIND1
25,2,6,"(1, 3)",KNG1;GC;ADH4;ADH6;BHMT;GLYAT
26,2,7,"(5, 11)",CELA3B;CELA3A;REG1A;CPA1;PNLIP;GP2;CTRB2
26,2,4,"(106, 475)",MLH1;LRRFIP2;OXR1;BUB1B
26,2,4,"(0, 2)",ENSG00000301400;ENSG00000285888;POM121L14P;ENSG00000267780
26,2,4,"(3, 5)",PGC;ENSG00000234426;LINC01300;LIPF
26,2,3,"(6, 532)",TPRG1L;BAZ1A;ENSG00000273284
27,2,8,"(5, 11)",CPB1;CLPS;PNLIP;ENSG00000305207;PLA2G1B;GP2;CTRB1;ENSG00000289955
27,2,6,"(3, 11)",PM20D1;ENSG00000285639;KRT81;SULT2A1;ENSG00000255438;ENSG00000297167
27,2,6,"(58, 67)",DNAJC19P5;FAM234B;CDKN3;ENSG00000308281;ENSG00000287553;SPAG4
27,2,6,"(520, 565)",FAXDC2;TRBV6-1;GFI1B;ENSG00000236304;NT5M;ABCC3
27,2,4,"(150, 454)",MKNK1-AS1;ENSG00000296911;FPR2;KCNE1
28,2,10,"(3, 5)",APCS;CRP;SLAMF9;AHSG;HRG;FGB;HUS1B;PRG3;APOC3;APOH
28,2,5,"(1, 3)",KNG1;GC;BHMT;CYP2C9;GLYAT
28,2,5,"(1, 5)",GSTA2;NCS1;GLYATL1;MMP2-AS1;ENSG00000276980
28,2,5,"(58, 67)",ENSG00000246250;LINC02259;ENSG00000261592;ENSG00000287553;ENSG00000265100
28,2,4,"(5, 11)",C8B;MT1H;ENSG00000289955;LBP
29,2,12,"(5, 11)",CELA3B;CELA3A;CPB1;ENSG00000300652;CLPS;CPA1;PNLIP;PLA2G1B;IGHV7-4-1;GP2
29,2,4,"(88, 405)",FIGN;PPP1R14BP3;ENSG00000308350;ENSG00000308562
29,2,4,"(200, 405)",ENSG00000309937;DIAPH3;ENSG00000285653;RN7SL566P
29,2,4,"(67, 676)",NICOL1;ENSG00000283103;ZCCHC3;DNASE1L1
29,2,4,"(48, 300)",NAA15;LRRC4;DENND10;RRP8
30,2,9,"(5, 11)",CELA3B;CELA3A;REG1A;CPB1;CPA1;PNLIP;GP2;CTRB2;CTRB1
30,2,8,"(0, 2)",MINDY4B;ENSG00000301400;NR2E1;ENSG00000226816;CYP19A1;ABCC11;ENSG00000267780;UMODL1-AS1
30,2,6,"(433, 630)",REL;ENSG00000272072;ENSG00000269952;NEMP1;HIF1A-AS3;ZNF460
30,2,5,"(1, 2)",ENSG00000288524;XIRP2;SLN;MAPK8IP1P2;TGFB1
30,2,4,"(261, 713)",ENSG00000240731;RAB28;KLHL3;TBC1D2B
31,2,56,"(79, 586)",FAM76A;AGO3;LRRC40;USP33;CEPT1;RABGAP1L;RO60;SMC6;WDR43;FASTKD1
31,2,50,"(382, 586)",CYB5RL;RPAP2;SIKE1;ZNF892;METTL8;ZNF619;TOMM70;SDAD1;SMARCAD1;RAD17
31,2,20,"(79, 382)",LINC00339;ZFP69;ZBTB41;MTREX;CKMT2-AS1;GTPBP10;MTERF1;CBLL1;TRUB1;MSANTD4
31,2,19,"(550, 586)",DNAJC16;PIGM;RRP15;TRMT61B;PRPF40A;ENSG00000213963;AASDH;VPS41;AP3M1;C10orf88
31,2,17,"(586, 655)",EFCAB14;GABPB2;DDX18;SHQ1;ATP2C1;HAUS3;PPAT;METAP1;MMAA;NCOA7
32,2,9,"(3, 5)",SLAMF9;FMO3;ENSG00000298780;ENSG00000279862;HUS1B;ENSG00000304009;H2BC14;ENSG00000261026;ENSG00000269480
32,2,8,"(3, 11)",ENSG00000285639;LINGO2;KRT81;RAMP2;SULT2A1;RRAS;ENSG00000297167;F8A1
32,2,7,"(1, 3)",ADH4;ADH6;BHMT;CYP2C9;GLYAT;CLEC4C;CTXN2-AS1
32,2,6,"(242, 319)",MMP23B;IGKJ5;ENSG00000247134;ENSG00000276809;HISLA;ENSG00000300742
32,2,5,"(3, 9)",ANGPTL3;ENSG00000286942;ENSG00000235151;ENSG00000307919;ENSG00000278341
33,2,10,"(0, 2)",MINDY4B;ENSG00000301400;ENSG00000249261;ENSG00000285888;POM121L14P;NR2E1;ENSG00000226816;ENSG00000302909;ENSG00000267780;UMODL1-AS1
33,2,6,"(2, 4)",NMRAL2P;ENSG00000293809;ENSG00000251584;ENSG00000307670;CLEC6A;FAM169BP
33,2,5,"(2, 9)",TRDN;ENSG00000289382;DNAI7;ENSG00000295095;ADGRG2
33,2,5,"(1, 2)",ENSG00000290116;RCBTB2P1;TRAPPC2L;MAPK8IP1P2;ENSG00000274276
33,2,4,"(0, 1)",ENSG00000304616;ENSG00000296337;ENSG00000287927;ENSG00000296403
34,2,8,"(3, 5)",APCS;CRP;AHSG;FGB;ENSG00000304009;H2BC14;MAT1A;TAT
34,2,4,"(3, 9)",ANGPTL3;ADH1A;ENSG00000284858;TXLNGY
34,2,4,"(74, 439)",ANKRD39;GFM1;ENSG00000279086;SAMD4A
34,2,4,"(3, 6)",LINC00278;TTTY14;BCORP1;ENSG00000260197
34,2,3,"(62, 133)",TNFRSF4;ZC3H3;ENSG00000279330
35,2,5,"(117, 464)",LINC02608;IHO1;ENSG00000288096;ZNF181;KCNG1
35,2,5,"(0, 2)",MINDY4B;NR2E1;ENSG00000302909;CYP19A1;UMODL1-AS1
35,2,5,"(464, 627)",ENSG00000273329;TRBV13;MAN1B1-DT;ELL3;MIR3677HG
35,2,5,"(3, 6)",LINC00278;UTY;TTTY14;BCORP1;ENSG00000260197
35,2,4,"(117, 517)",LINC01786;ENSG00000300652;TRAV6;ENSG00000280027
36,2,8,"(5, 11)",CELA3B;CLPS;CPA1;PNLIP;PLA2G1B;GP2;CTRB2;CTRB1
36,2,7,"(3, 5)",ENSG00000298780;HRG;PGC;A1CF;LIPF;TAT;HAO1
36,2,6,"(0, 129)",KIF14;CENPE;HMMR;CDCA2;KNSTRN;KIF4A
36,2,5,"(1, 3)",ADH4;ENSG00000303981;CYP2C9;GLYAT;CTXN2-AS1
36,2,4,"(429, 699)",ENSG00000284735;ENSG00000230747;MINDY4B;TRBV13
37,2,18,"(5, 11)",CELA3B;CELA3A;C8B;PKLR;REG1A;FABP1;CPB1;FGG;CPA1;SFTPA2
37,2,17,"(658, 749)",PNRC2;INSIG2;NAA50;DCUN1D4;G3BP2;PHIP;DDX21;WAPL;SC5D;ZMYM5
37,2,17,"(3, 5)",APCS;CRP;SLAMF9;FMO3;HRG;HUS1B;ENSG00000304009;H2BC14;FGL1;AMBP
37,2,13,"(68, 609)",USP1;CSDE1;ATF2;ZNF654;ITK;TMEM30A;SEC63;AKAP9;UBQLN1;CDK8
37,2,12,"(383, 658)",RCOR3;CPA3;FYTTD1;BMP2K;ZNF184;SBDS;HELB;CEP290;NIPA1;THUMPD1
38,2,12,"(5, 11)",CELA3B;CELA3A;REG1A;CPB1;CLPS;CPA1;PNLIP;PLA2G1B;IGHV7-4-1;GP2
38,2,10,"(0, 2)",ENSG00000236846;MINDY4B;ENSG00000249261;ENSG00000285888;POM121L14P;ENSG00000302909;CYP19A1;ABCC11;ENSG00000267780;UMODL1-AS1
38,2,8,"(2, 4)",ENSG00000227193;ENSG00000299361;NMRAL2P;ENSG00000289274;TAS2R40;ENSG00000287713;TBC1D3D;XKR3
38,2,4,"(221, 572)",AKIRIN1;MROH7;FLOT1;LOXL1
38,2,4,"(3, 5)",CRP;FGL1;LINC01300;LIPF
39,2,11,"(5, 11)",CELA3B;CELA3A;REG1A;CLPS;CPA1;SFTPA2;PNLIP;PLA2G1B;GP2;CTRB2
39,2,6,"(0, 2)",ENSG00000236846;ENSG00000301400;ENSG00000249261;ENSG00000285888;ENSG00000302909;ABCC11
39,2,5,"(20, 352)",TMOD4;MYL1;PACSIN3;SLN;EEF1A2
39,2,5,"(2, 4)",ENSG00000298116;ENSG00000307670;ENSG00000289274;ENSG00000287713;TBC1D3D
39,2,5,"(0, 1)",ENSG00000213058;MUC7;ENSG00000287927;ENSG00000296403;ENSG00000303148
40,2,21,"(3, 5)",MMP23B;SLAMF9;FMO3;AHSG;HRG;FGB;HUS1B;ENSG00000304009;H2BC14;PGC
40,2,21,"(5, 11)",UTS2;CELA3B;CELA3A;C8B;REG1A;FABP1;CPB1;CXCL9;CLPS;CPA1
40,2,10,"(1, 3)",HMGCS2;KNG1;GC;ADH4;ADH6;BHMT;CYP2C9;GLYAT;CLEC4C;CTXN2-AS1
40,2,8,"(3, 9)",ANGPTL3;ENSG00000235151;ADH1A;ADH1C;ENSG00000287277;CPB2;LINC00469;TXLNGY
40,2,7,"(3, 11)",EDARADD;ENSG00000285639;ENSG00000261655;KRT81;RAMP2;SULT2A1;ENSG00000297167
41,2,12,"(5, 11)",CELA3B;CELA3A;REG1A;CPB1;CLPS;CPA1;PNLIP;PLA2G1B;GP2;CTRB2
41,2,12,"(0, 2)",ENSG00000236846;MINDY4B;ENSG00000301400;ENSG00000249261;ENSG00000285888;POM121L14P;ENSG00000226816;ENSG00000302909;CYP19A1;ENSG00000267780
41,2,9,"(2, 4)",ENSG00000307137;ENSG00000298116;NMRAL2P;ENSG00000251584;LINC02217;ENSG00000306991;TAS2R40;ENSG00000285667;TBC1D3D
41,2,7,"(2, 9)",ENSG00000250575;ENSG00000289463;ENSG00000305497;DNAI7;ENSG00000295095;ENSG00000294759;SAMD15
41,2,7,"(112, 473)",CRYGS;TMEM144;COL23A1;ENSG00000277763;CLEC18A;ENSG00000270091;MOCS3
42,2,7,"(0, 2)",ENSG00000236846;MINDY4B;ENSG00000301400;ENSG00000285888;POM121L14P;NR2E1;UMODL1-AS1
42,2,5,"(2, 4)",ENSG00000227193;ENSG00000299361;NMRAL2P;TBC1D3D;XKR3
42,2,5,"(0, 1)",CD34;MUC7;ENSG00000287927;ENSG00000296403;ENSG00000303148
42,2,4,"(146, 625)",NBEAL1;ENSG00000289138;PTPDC1;ILVBL
42,2,3,"(191, 326)",DNAJC16;DYNLT2B;SMAD3
43,2,11,"(0, 2)",ENSG00000236846;MINDY4B;ENSG00000301400;ENSG00000249261;NR2E1;ENSG00000226816;CYP19A1;ABCC11;ENSG00000267780;RLN3
43,2,10,"(2, 4)",ENSG00000227193;ENSG00000299361;ENSG00000293809;ENSG00000251584;ENSG00000307670;TAS2R40;CLEC6A;SPATA41;TBC1D3D;XKR3
43,2,9,"(160, 222)",ENSG00000296134;NMRAL2P;ENSG00000289520;ENSG00000270426;ERBIN-DT;CPLX2;ENSG00000289382;GKAP1;ENSG00000273972
43,2,9,"(2, 9)",ENSG00000289463;ENSG00000261211;ANO5;ENSG00000307802;C12orf60;DNAI7;ENSG00000294759;ENSG00000261136;ENSG00000280091
43,2,5,"(160, 381)",LINC01134;ENSG00000306261;IL17RB;ENSG00000275180;ENSG00000274979
44,2,12,"(0, 2)",ENSG00000236846;MINDY4B;ENSG00000301400;ENSG00000249261;NR2E1;ENSG00000226816;AOAH;ENSG00000302909;CYP19A1;ENSG00000267780
44,2,10,"(5, 11)",CELA3B;CELA3A;REG1A;CLPS;CPA1;PNLIP;PLA2G1B;GP2;CTRB2;CTRB1
44,2,9,"(2, 4)",ENSG00000227193;ENSG00000298116;ENSG00000299361;NMRAL2P;ENSG00000306991;TAS2R40;LINC02751;ENSG00000283384;TBC1D3D
44,2,5,"(3, 5)",APCS;PGC;A1CF;LIPF;APOH
44,2,5,"(270, 645)",TARBP1;CEP164;NSMCE1-DT;LIG3;RBMX
45,2,11,"(5, 11)",CELA3B;C8B;REG1A;CLPS;SFTPA2;PNLIP;PLA2G1B;GP2;MT1H;CTRB2
45,2,9,"(3, 5)",APCS;CRP;PGC;FGL1;LINC01300;AMBP;MAT1A;LIPF;SAA4
45,2,9,"(0, 2)",ENSG00000236846;MINDY4B;ENSG00000301400;ENSG00000249261;ENSG00000285888;POM121L14P;CYP19A1;ABCC11;ENSG00000267780
45,2,5,"(1, 3)",HMGCS2;BHMT;CYP2C9;GLYAT;CTXN2-AS1
45,2,5,"(2, 4)",ENSG00000227193;ENSG00000307137;NMRAL2P;ENSG00000251584;TBC1D3D
46,2,7,"(0, 2)",MINDY4B;ENSG00000301400;ENSG00000249261;POM121L14P;NR2E1;RLN3;UMODL1-AS1
46,2,6,"(2, 9)",ENSG00000305497;ENSG00000289382;ENSG00000287935;ENSG00000289908;DNAI7;ENSG00000295095
46,2,5,"(0, 1)",ENSG00000213058;ENSG00000304616;ENSG00000296337;ENSG00000287927;ENSG00000296403
46,2,5,"(17, 549)",SPAG16;CORIN;FGFR1;ODF2;IGHV3-15
46,2,5,"(2, 4)",NMRAL2P;ENSG00000307670;SPATA41;TBC1D3D;XKR3
47,2,14,"(3, 5)",APCS;CRP;FMO3;HRG;FGB;FGA;H2BC14;PGC;AMBP;A1CF
47,2,13,"(5, 11)",CELA3B;CELA3A;C8B;REG1A;FABP1;CPB1;FGG;CLPS;PNLIP;GP2
47,2,6,"(1, 3)",HMGCS2;KNG1;GC;ADH6;BHMT;GLYAT
47,2,6,"(570, 680)",RAMP3;ROBO4;TMEM52B;ENSG00000273149;TPSB2;PWP2
47,2,5,"(3, 11)",ENSG00000285639;ENSG00000261655;RAMP2;ENSG00000305678;ENSG00000255438
48,2,4,"(0, 2)",ENSG00000236846;MINDY4B;POM121L14P;HRK
48,2,3,"(50, 361)",SMIM1;ENSG00000293420;SFXN1
48,2,3,"(182, 437)",MFN2;ARAP1-AS2;SIN3A
48,2,3,"(105, 568)",CDC42;IDUA;ME2
48,2,3,"(219, 704)",PTAFR;SEC61A1;SRP14-DT
49,2,18,"(3, 5)",APCS;CRP;SLAMF9;FMO3;AHSG;HRG;FGB;FGA;ENSG00000304009;H2BC14
49,2,17,"(5, 11)",CELA3A;PKLR;REG1A;CPB1;CXCL9;FGG;CLPS;CPA1;SFTPA2;PNLIP
49,2,6,"(1, 3)",KNG1;GC;ADH4;BHMT;CYP2C9;GLYAT
49,2,4,"(283, 382)",ENSG00000284657;TRAPPC12-AS1;ZNF700;TSSK6
49,2,4,"(3, 9)",ANGPTL3;ADH1C;CPB2;TXLNGY
0,3,3,"(0, 121, 629)",SPC25;ANLN;MIS18A
0,3,3,"(0, 362, 727)",TTK;FEN1;ARHGAP11A
1,3,6,"(353, 546, 587)",AGMAT;TCEA3;BPHL;PEBP1;SHF;ATP5PD
1,3,5,"(331, 353, 587)",AKR7A3;NIT2;BDH1;MMAB;MAGIX
1,3,4,"(353, 358, 587)",ADI1;UQCC2;ECHS1;PNPO
1,3,4,"(173, 587, 714)",PTGR1;AKR1C1;HSD17B6;APOC2
1,3,3,"(331, 546, 587)",DNPH1;HINT2;CHCHD10
3,3,8,"(408, 507, 686)",RBMS1;SLMAP;CHMP2B;ZFAND6;TAOK1;DPY19L3;SERINC3;MAPK1
3,3,5,"(22, 431, 634)",RFTN2;HSP90AB1;HSPB1;STIP1;FKBP4
3,3,5,"(22, 417, 634)",HSPA4L;P4HA2;HSPA4;DNAJB6;AHSA1
3,3,4,"(22, 121, 634)",NUDC;MRPL18;ENGASE;SOD1
3,3,4,"(444, 658, 749)",MFSD14A;ANKRA2;ZFYVE16;ENSG00000258424
10,3,44,"(383, 658, 749)",RLF;MFSD14A;ARID4B;LYST;CEP170;ENSG00000259865;PELI1;KDM3A;SP3;SF3B1
10,3,25,"(383, 444, 749)",PUM1;ZMYM6;RABGGTB;PRKD3;SESTD1;SEPTIN2;NPHP3;TIPARP;MPC1;UBE2W
10,3,15,"(444, 658, 749)",GMCL1;WDR48;NKTR;RYK;SEC24B;ZFYVE16;ELOVL5;REV3L;ZBTB43;BTAF1
10,3,15,"(68, 444, 644)",NOP58;ZNF621;PBRM1;NSA2;TCERG1;NUDCD2;IBTK;MTPAP;MRPL42;TMPO
10,3,12,"(444, 644, 725)",OTUD3;GPN1;PCYOX1L;MDN1;GALNT11;FBXO21;VPS36;PCID2;ARHGAP5;BBS4
12,3,3,"(320, 443, 694)",TMEM18;ZKSCAN4;ZNF14
12,3,3,"(443, 499, 569)",MPHOSPH10;POLR2D;ZNF92
12,3,3,"(320, 562, 674)",TSN;SLC25A16;MLYCD
20,3,7,"(87, 307, 682)",CCNL2;PMS1;HELQ;TMEM161B;CUL9;NRBP2;ENSG00000291100
20,3,7,"(120, 325, 682)",CD96;RYK;DMXL1;MYBL1;ENSG00000309149;SLFN11;FAM120C
20,3,6,"(87, 120, 682)",LINC00869;NIT2;SLC4A4;ZMYND11;ATAD1;CAPRIN2
20,3,5,"(79, 120, 162)",CMPK1;UHMK1;NEMP2;SLC25A30;UBE3A
20,3,5,"(79, 87, 682)",IFT172;ERCC3;HMBOX1;HCFC2;SUGP2
21,3,23,"(220, 272, 565)",TNFRSF25;LCK;CD2;THEM4;FCMR;CD8A;PVRIG;TRBC1;TRBC2;LINC00861
21,3,8,"(65, 220, 272)",TXK;CAMK4;PRKCQ-AS1;CD5;BCL11B;APBA2;NLRC3;ZNF831
21,3,6,"(272, 536, 565)",DPP4;CD6;ENO2;KLRG1;TMIGD2;HAUS5
21,3,5,"(220, 456, 565)",MMACHC;SLAMF6;PRKCQ;CD3G;SBK1
21,3,5,"(220, 272, 536)",SIDT1;TRBV29-1;WNT10B;SEPTIN1;PPP1R16B
31,3,28,"(79, 382, 586)",LRRC40;SIKE1;WDR43;SDAD1;C5orf24;FAM135A;GOPC;CBLL1;ENSG00000255310;POMK
31,3,18,"(382, 550, 586)",DNAJC16;PIGM;RRP15;TRMT61B;ZC3H6;ZNF619;ZCCHC4;AASDH;RAD17;LYRM2
31,3,18,"(382, 499, 586)",CYB5RL;LRRC8C-DT;GPATCH11;ZNF892;SMARCAD1;CYP2U1;SMARCA5;ZKSCAN3;CASP8AP2;KRIT1
31,3,12,"(79, 550, 586)",FAM76A;PRPF40A;TRNT1;CLOCK;FER;PTER;MSANTD2;GPR180;DTWD1;ARPP19
31,3,9,"(79, 382, 550)",ZMYM1;METTL14;MTREX;MTERF1;NOL8;ZNF195;ZNF605;GPALPP1;USP16
36,3,3,"(0, 14, 121)",CENPF;SGO1;KIF15
37,3,6,"(507, 658, 749)",TBL1XR1;TRIM52;DEK;PHIP;OTUD6B;WAPL
37,3,4,"(68, 658, 749)",PNRC2;DCUN1D4;RNF138;CHMP2A
37,3,4,"(444, 658, 749)",SH3BGRL3;INSIG2;VPS26A;SC5D
37,3,4,"(383, 444, 644)",LIMA1;MYO9A;ZNF146;PRNP
37,3,3,"(220, 264, 383)",SRRM1;POGLUT3;LMAN1
39,3,7,"(20, 446, 567)",APOBEC2;LRRC20;PYGM;RPL3L;ATP2A1;MYH2;MYBPC2
39,3,4,"(20, 352, 446)",CASQ1;MYL1;TPM1;HSPB6
39,3,4,"(87, 146, 567)",TNNI1;TNNI2;TCAP;TNNT1
39,3,3,"(20, 352, 567)",TMOD4;LDB3;MYL11
1,5,4,"(331, 353, 358, 546, 587)",ADI1;BDH1;ECI2;PEBP1
1,5,3,"(70, 331, 353, 546, 587)",AGMAT;BPHL;FUOM
3,5,3,"(22, 62, 116, 431, 634)",ZC3HAV1;FKBP4;ENSG00000289070
10,5,21,"(383, 444, 507, 658, 749)",MYSM1;ZRANB2;XRN1;SEC24B;ZFYVE16;PHF3;OTUD6B;UBR5;VPS26A;EMSY
10,5,7,"(12, 383, 507, 658, 749)",PRPF38B;ARID4B;UBXN4;CLK1;CHD1;CREBRF;YAF2
10,5,5,"(383, 444, 609, 658, 749)",NKTR;DMTF1;TAF2;BTAF1;HMGXB4
10,5,4,"(68, 264, 383, 658, 749)",HP1BP3;WWP1;CREBZF;ADNP2
10,5,4,"(68, 383, 444, 644, 749)",ANKRD13C;STX2;PRNP;ALG13
20,5,3,"(87, 120, 307, 586, 682)",CCNL2;MCPH1;URI1
20,5,3,"(87, 162, 325, 630, 682)",CHROMR;ANKIB1;ZDHHC21
21,5,10,"(65, 220, 272, 536, 565)",LCK;CD2;CD8A;AGFG2;EEIG1;KLRK1;TRAC;APBA2;TMIGD2;NFATC2
21,5,4,"(65, 220, 272, 456, 565)",CD5;CD3G;NLRC3;SBK1
21,5,3,"(220, 272, 312, 536, 565)",TRBC1;ENSG00000284691;WNT10B
21,5,3,"(220, 272, 536, 555, 565)",TRBC2;CARMIL2;SKAP1
31,5,5,"(79, 382, 499, 550, 586)",RRP15;MTREX;NAPEPLD;CMTR2;ZNF180
31,5,5,"(79, 382, 499, 586, 661)",FAM135A;KRIT1;POMK;PUS7L;ZSCAN29
31,5,4,"(79, 382, 499, 586, 605)",SMAD5;SOCS7;ZNF136;AMER1
31,5,3,"(79, 382, 499, 586, 655)",SDAD1;SMARCA5;ICE1
39,5,3,"(20, 352, 446, 567, 667)",MYOZ1;PYGM;MYBPC2
42,5,3,"(267, 303, 379, 597, 711)",SFTPC;SFTPA2;SFTPA1
10,7,3,"(12, 328, 383, 444, 507)",MYSM1;GLS;FAM91A1
10,7,3,"(12, 68, 383, 444, 609)",EBLN3P;BTAF1;BRWD1
10,7,3,"(68, 264, 383, 444, 507)",PRPF39;RAB12;EIF1AX
16,7,3,"(20, 135, 152, 462, 585)",NRAP;RPL3L;SCN4A
21,7,3,"(65, 220, 272, 536, 555)",TNFRSF25;LCK;CD3E
39,7,4,"(4, 20, 87, 146, 182)",TNNI1;LDB3;TNNT3;TCAP
39,7,3,"(4, 20, 87, 146, 182)",FABP3;TNNC1;ENO3
1,10,4,"(24, 70, 173, 231, 331)",HGD;CDO1;PHYH;GLYATL1
1,10,3,"(70, 121, 173, 231, 331)",ADI1;PCBD1;MMAB
1,10,3,"(24, 173, 231, 258, 331)",BDH1;APOC3;RBP5
1,10,3,"(70, 173, 231, 258, 331)",ECHS1;CYB5A;APOC1
39,10,3,"(4, 20, 87, 146, 152)",CASQ1;TNNI1;LDB3
